tumor_barcode,n_total_cells_in_mal_niche,n_Tcells_in_mal_niche,Genotype,pct_Tcells
Tumor_1,209,20,Kras-Ctrl,9.569377990430622
Tumor_2,8211,392,Kras-Ctrl,4.774083546462063
Tumor_3,712,30,Kras-Ctrl,4.213483146067416
Tumor_4,1520,102,Kras-Ctrl,6.7105263157894735
Tumor_5,21,1,Kras-Ctrl,4.761904761904762
Tumor_6,13,0,Kras-Ctrl,0.0
Tumor_7,30,4,Kras-Ctrl,13.333333333333334
Tumor_8,644,50,Kras-Ctrl,7.763975155279503
Tumor_9,173,6,Kras-Ctrl,3.468208092485549
Tumor_10,14,1,Kras-Ctrl,7.142857142857143
Tumor_11,3761,208,Kras-Ctrl,5.530444030842861
Tumor_12,1042,79,Kras-Ctrl,7.581573896353167
Tumor_13,1320,79,Kras-Ctrl,5.984848484848484
Tumor_14,139,3,Kras-Ctrl,2.158273381294964
Tumor_15,187,7,Kras-Ctrl,3.7433155080213902
Tumor_16,1333,33,Kras-Ctrl,2.4756189047261814
Tumor_17,388,29,Kras-Ctrl,7.474226804123711
Tumor_18,205,10,Kras-Ctrl,4.878048780487805
Tumor_19,43,5,Kras-Ctrl,11.627906976744185
Tumor_20,166,5,Kras-Ctrl,3.0120481927710845
Tumor_21,2,0,Kras-Ctrl,0.0
Tumor_22,118,12,Kras-Ctrl,10.169491525423728
Tumor_23,111,11,Kras-Ctrl,9.90990990990991
Tumor_24,22,2,Kras-Ctrl,9.090909090909092
Tumor_25,77,7,Kras-Ctrl,9.090909090909092
Tumor_26,433,23,Kras-Ctrl,5.311778290993072
Tumor_27,169,8,Kras-Ctrl,4.733727810650888
Tumor_28,25,0,Kras-Ctrl,0.0
Tumor_29,2139,136,Kras-Ctrl,6.358111266947172
Tumor_30,1354,72,Kras-Ctrl,5.317577548005908
Tumor_31,2836,204,Kras-Ctrl,7.193229901269394
Tumor_32,480,29,Kras-Ctrl,6.041666666666667
Tumor_33,728,70,Kras-Ctrl,9.615384615384615
Tumor_34,787,29,Kras-Ctrl,3.684879288437103
Tumor_35,877,61,Kras-Ctrl,6.955530216647663
Tumor_36,1130,110,Kras-Ctrl,9.734513274336283
Tumor_37,835,54,Kras-Ctrl,6.467065868263473
Tumor_38,1,0,Kras-Ctrl,0.0
Tumor_39,2115,178,Kras-Ctrl,8.416075650118204
Tumor_40,966,78,Kras-Ctrl,8.074534161490684
Tumor_41,6,0,Kras-Ctrl,0.0
Tumor_42,952,71,Kras-Ctrl,7.457983193277311
Tumor_43,3949,186,Kras-Ctrl,4.710053178019752
Tumor_44,451,26,Kras-Ctrl,5.764966740576496
Tumor_45,1019,60,Kras-Ctrl,5.888125613346418
Tumor_46,2248,169,Kras-Ctrl,7.51779359430605
Tumor_47,1840,41,Kras-Ctrl,2.2282608695652173
Tumor_48,82,10,Kras-Ctrl,12.195121951219512
Tumor_49,259,18,Kras-Ctrl,6.94980694980695
Tumor_50,3137,51,Kras-Ctrl,1.625757092763787
Tumor_51,1150,47,Kras-Ctrl,4.086956521739131
Tumor_52,1681,71,Kras-Ctrl,4.223676383105294
Tumor_53,30,1,Kras-Ctrl,3.3333333333333335
Tumor_54,100,5,Kras-Ctrl,5.0
Tumor_55,294,37,Kras-H3K36M,12.585034013605442
Tumor_56,1,1,Kras-H3K36M,100.0
Tumor_57,59,8,Kras-H3K36M,13.559322033898304
Tumor_58,123,9,Kras-H3K36M,7.317073170731708
Tumor_59,23,2,Kras-H3K36M,8.695652173913043
Tumor_60,206,27,Kras-H3K36M,13.106796116504855
Tumor_61,117,25,Kras-H3K36M,21.367521367521366
Tumor_62,14,2,Kras-H3K36M,14.285714285714286
Tumor_63,8,1,Kras-H3K36M,12.5
Tumor_64,24,2,Kras-H3K36M,8.333333333333334
Tumor_65,25,0,Kras-H3K36M,0.0
Tumor_66,90,2,Kras-H3K36M,2.2222222222222223
Tumor_67,37,9,Kras-H3K36M,24.324324324324323
Tumor_68,27,0,Kras-H3K36M,0.0
Tumor_70,43,4,Kras-H3K36M,9.30232558139535
Tumor_71,130,22,Kras-H3K36M,16.923076923076923
Tumor_72,295,19,Kras-H3K36M,6.440677966101695
Tumor_73,44,4,Kras-H3K36M,9.090909090909092
Tumor_74,18,1,Kras-H3K36M,5.555555555555555
Tumor_75,4,0,Kras-H3K36M,0.0
Tumor_76,165,11,Kras-H3K36M,6.666666666666667
Tumor_77,76,10,Kras-H3K36M,13.157894736842104
Tumor_78,80,7,Kras-H3K36M,8.75
Tumor_79,15,3,Kras-H3K36M,20.0
Tumor_80,110,19,Kras-H3K36M,17.272727272727273
Tumor_81,60,4,Kras-H3K36M,6.666666666666667
Tumor_83,48,4,Kras-H3K36M,8.333333333333334
Tumor_84,241,53,Kras-H3K36M,21.991701244813278
Tumor_85,28,9,Kras-H3K36M,32.142857142857146
Tumor_87,154,9,Kras-H3K36M,5.8441558441558445
Tumor_88,19,3,Kras-H3K36M,15.789473684210526
Tumor_89,13,0,Kras-H3K36M,0.0
Tumor_90,38,4,Kras-H3K36M,10.526315789473685
Tumor_91,100,9,Kras-H3K36M,9.0
Tumor_92,14,3,Kras-H3K36M,21.428571428571427
Tumor_93,30,3,Kras-H3K36M,10.0
Tumor_94,57,9,Kras-H3K36M,15.789473684210526
Tumor_95,107,14,Kras-H3K36M,13.08411214953271
Tumor_96,2,0,Kras-H3K36M,0.0
Tumor_98,164,17,Kras-H3K36M,10.365853658536585
Tumor_99,45,6,Kras-H3K36M,13.333333333333334
Tumor_100,112,12,Kras-H3K36M,10.714285714285714
Tumor_101,82,8,Kras-H3K36M,9.75609756097561
Tumor_102,7878,55,Kras-H3K36M-Setd2KO,0.6981467377506981
Tumor_103,30047,387,Kras-H3K36M-Setd2KO,1.2879821612806603
Tumor_104,28,2,Kras-H3K36M-Setd2KO,7.142857142857143
Tumor_105,91,5,Kras-H3K36M-Setd2KO,5.4945054945054945
Tumor_106,1279,37,Kras-H3K36M-Setd2KO,2.8928850664581702
Tumor_107,801,33,Kras-H3K36M-Setd2KO,4.119850187265918
Tumor_108,22922,236,Kras-H3K36M-Setd2KO,1.0295785708053398
Tumor_109,22393,250,Kras-H3K36M-Setd2KO,1.1164203099182781
Tumor_110,12,1,Kras-H3K36M-Setd2KO,8.333333333333334
Tumor_111,29,1,Kras-H3K36M-Setd2KO,3.4482758620689653
Tumor_112,41,1,Kras-H3K36M-Setd2KO,2.4390243902439024
Tumor_113,25,3,Kras-H3K36M-Setd2KO,12.0
Tumor_114,71,2,Kras-H3K36M-Setd2KO,2.816901408450704
Tumor_115,14016,95,Kras-H3K36M-Setd2KO,0.677796803652968
Tumor_116,8,0,Kras-H3K36M-Setd2KO,0.0
Tumor_117,4933,182,Kras-H3K36M-Setd2KO,3.6894384755726737
Tumor_118,1689,34,Kras-H3K36M-Setd2KO,2.0130254588513914
Tumor_119,2146,74,Kras-H3K36M-Setd2KO,3.4482758620689653
Tumor_120,61,6,Kras-H3K36M-Setd2KO,9.836065573770492
Tumor_121,491,21,Kras-H3K36M-Setd2KO,4.276985743380855
Tumor_122,210217,1928,Kras-H3K36M-Setd2KO,0.9171475189922794
Tumor_123,262,12,Kras-H3K36M-Setd2KO,4.580152671755725
Tumor_124,2774,79,Kras-H3K36M-Setd2KO,2.8478731074260994
Tumor_125,10,3,Kras-H3K36M-Setd2KO,30.0
Tumor_126,801,34,Kras-H3K36M-Setd2KO,4.2446941323345815
Tumor_127,28,2,Kras-H3K36M-Setd2KO,7.142857142857143
Tumor_128,219,7,Kras-H3K36M-Setd2KO,3.1963470319634704
Tumor_129,512,21,Kras-H3K36M-Setd2KO,4.1015625
Tumor_130,14,2,Kras-H3K36M-Setd2KO,14.285714285714286
Tumor_131,80,3,Kras-H3K36M-Setd2KO,3.75
Tumor_132,19,2,Kras-H3K36M-Setd2KO,10.526315789473685
Tumor_133,54,4,Kras-H3K36M-Setd2KO,7.407407407407407
Tumor_134,119,9,Kras-H3K36M-Setd2KO,7.563025210084033
Tumor_135,1101,35,Kras-H3K36M-Setd2KO,3.178928247048138
Tumor_136,2442,31,Kras-Setd2KO,1.2694512694512694
Tumor_137,3899,64,Kras-Setd2KO,1.641446524749936
Tumor_138,3868,54,Kras-Setd2KO,1.3960703205791107
Tumor_139,2382,31,Kras-Setd2KO,1.3014273719563392
Tumor_140,66,0,Kras-Setd2KO,0.0
Tumor_141,589,27,Kras-Setd2KO,4.584040747028863
Tumor_142,10887,223,Kras-Setd2KO,2.0483145035363277
Tumor_143,209,5,Kras-Setd2KO,2.3923444976076556
Tumor_144,7122,89,Kras-Setd2KO,1.2496489750070205
Tumor_145,137,4,Kras-Setd2KO,2.9197080291970803
Tumor_146,4220,77,Kras-Setd2KO,1.8246445497630333
Tumor_147,81,0,Kras-Setd2KO,0.0
Tumor_148,10,0,Kras-Setd2KO,0.0
Tumor_149,39,1,Kras-Setd2KO,2.5641025641025643
Tumor_150,40,1,Kras-Setd2KO,2.5
Tumor_151,21,0,Kras-Setd2KO,0.0
Tumor_152,201,6,Kras-Setd2KO,2.985074626865672
Tumor_153,26,0,Kras-Setd2KO,0.0
Tumor_154,3554,52,Kras-Setd2KO,1.4631401238041644
Tumor_155,32,0,Kras-Setd2KO,0.0
Tumor_156,845,15,Kras-Setd2KO,1.7751479289940828
Tumor_157,4186,62,Kras-Setd2KO,1.4811275680840899
Tumor_158,10258,114,Kras-Setd2KO,1.111327744199649
Tumor_159,83,7,Kras-Setd2KO,8.433734939759036
